key,value,definition
road_marking,no,=
road_marking,yes,=
bulk_purchase,yes,a granel	=	sí
abandoned,yes,Abandonado	=	sí
abandoned:building,yes,Abandonado:edificio	=	sí
dennert_fir_tree,yes,abeto dennert	=	si
access,no,acceso	=	no
access,yes,acceso	=	sí
internet_access,no,acceso a Internet	=	no
internet_access,yes,acceso a Internet	=	sí
access:roof,no,acceso: techo	=	no
access:delivery,no,acceso:entrega	=	no
sidewalk,no,acera	=	no
sidewalk:right,no,acera: derecha	=	no
sidewalk:left,no,acera: izquierda	=	no
overtaking,no,adelantamiento	=	no
overtaking,yes,adelantamiento	=	sí
managed,no,administrado	=	no
managed,yes,administrado	=	si
agricultural,no,agrícola	=	no
agricultural,yes,agrícola	=	sí
water,yes,agua	=	si
drinking_water,no,agua potable	=	no
drinking_water,yes,agua potable	=	sí
manhole,yes,agujero de hombre	=	sí
air_conditioning,yes,aire acondicionado	=	sí
compressed_air,yes,aire comprimido	=	sí
segregated,no,aislado	=	no
segregated,yes,aislado	=	sí
highspeed,no,alta velocidad	=	no
highspeed,yes,alta velocidad	=	sí
mooring,yes,amarradero	=	sí
narrow,yes,angosto	=	sí
animated,no,animado	=	no
anthropogenic,yes,antropogénico	=	si
trees,yes,árboles	=	si
area,no,área	=	no
area,yes,área	=	sí
razed:building,yes,arrasado: edificio	=	sí
craft,yes,artesanía	=	si
man_made,yes,artificial	=	sí
artist:unknown,yes,artista:desconocido	=	si
toilets:access,yes,aseos:acceso	=	si
toilets:wheelchair,no,aseos:silla de ruedas	=	no
toilets:wheelchair,yes,aseos:silla de ruedas	=	sí
outdoor_seating,no,asientos al aire libre	=	no
outdoor_seating,yes,asientos al aire libre	=	sí
indoor_seating,yes,asientos_interiores	=	sí
authentication:membership_card,yes,autenticación: tarjeta_de_miembro	=	sí
car,no,auto	=	no
car,yes,auto	=	si
bus,no,autobús	=	no
bus,yes,autobús sí guagua  sí
automated,yes,automatizado	=	si
motorcar,no,automóvil	=	no
motorcar,yes,automóvil	=	sí
expressway,no,Autopista	=	no
highway,no,autopista	=	no
highway,yes,autopista	=	si
expressway,yes,Autopista	=	sí
authoritative,yes,autoritario	=	sí
self_service,no,autoservicio	=	no
self_service,yes,autoservicio	=	sí
dual_carriageway,no,autovía	=	no
dual_carriageway,yes,autovía	=	sí
on_demand,yes,Bajo demanda	=	si
toilets,no,baños	=	no
toilets,yes,baños	=	sí
toilets:handwashing,no,baños: lavado de manos	=	no
bbq,yes,barbacoa	=	si
fallow,yes,barbecho	=	si
boat,no,barco	=	no
boat,yes,barco	=	sí
boat:rental,yes,barco: alquiler	=	si
barrier,no,barrera	=	no
barrier,yes,barrera	=	sí
bdouble,yes,bdoble	=	sí
drink:viez,yes,bebida: viez	=	si
bicycle,no,bicicleta	=	no
bicycle,yes,bicicleta	=	sí
mtb,no,bicicleta de montaña	=	no
mtb,yes,bicicleta de montaña	=	sí
bicycle_road,yes,bicicleta_carretera	=	sí
goods,no,bienes	=	no
goods,yes,bienes	=	sí
tickets:public_transport_subscription,yes,billetes: abono transporte público	=	si
biosphärenwirt,yes,biosphärenwirt	=	si
lockable,no,bloqueable	=	no
locked,no,bloqueado	=	no
locked,yes,bloqueado	=	sí
windings:auto,yes,bobinados: automático	=	si
pump,no,bomba	=	no
pump,yes,bomba	=	sí
bottle,yes,botella	=	sí
button_operated,no,botón_operado	=	no
button_operated,yes,botón_operado	=	sí
hearing_loop,yes,bucle auditivo	=	si
horse,no,caballo	=	no
horse,yes,caballo	=	sí
cabin:rental,yes,cabaña:alquiler	=	si
atm,no,Cajero automático	=	no
atm,yes,Cajero automático	=	sí
traffic_calming,no,calmar el tráfico	=	no
traffic_calming,yes,calmar el tráfico	=	sí
camra,yes,cámara	=	si
changing_table:fee,yes,cambiador: tarifa	=	si
switch,yes,cambiar	=	si
change:lanes:forward,no,cambiar:carriles:adelante	=	no
change:lanes:backward,no,cambiar:carriles:atrás	=	no
change:backward,no,cambio: al revés	=	no
change:forward,no,cambio:adelante	=	no
waterway,yes,camino acuático	=	si
european_cultural_path,yes,camino cultural europeo	=	si
fire_path,yes,camino de fuego	=	si
winter_road,yes,camino de invierno	=	si
ice_road,yes,camino_hielo	=	sí
gutter,no,canal	=	no
love_locks,yes,candados de amor	=	si
capacity:disabled,no,capacidad: deshabilitado	=	no
capacity:disabled,yes,capacidad: deshabilitado	=	sí
capacity:parent,no,capacidad: padre	=	no
capacity:women,no,capacidad:mujeres	=	no
capital,yes,capital	=	si
caravans,yes,caravanas	=	sí
tents,yes,carpas	=	sí
motorroad,no,carretera	=	no
motorroad,yes,carretera	=	sí
cycleway,no,carril bici	=	no
cycleway,yes,carril bici	=	si
cycleway:right,no,carril bici: derecha	=	no
cycleway:foot,no,carril bici: pie	=	no
cycleway:both,no,carril bici:ambos	=	no
center_turn_lane,yes,carril de giro central	=	si
carriage,no,carro	=	no
golf_cart,yes,carro de golf	=	sí
fenced,yes,cercado	=	si
lock,yes,cerrar	=	sí
real_ale,yes,cerveza de verdad	=	si
fireplace,yes,chimenea	=	sí
cyclestreet,yes,ciclocalle	=	si
moped,no,ciclomotor	=	no
moped,yes,ciclomotor	=	sí
cycle_highway,yes,ciclovía	=	si
cycleway:right:buffer,no,ciclovía:derecha:amortiguador	=	no
cycleway:right:oneway,no,ciclovía:derecha:sentido único	=	no
cycleway:left,no,ciclovía:izquierda	=	no
cocktails,yes,cocteles	=	si
fuel:diesel,yes,combustible: diesel	=	sí
fuel:e10,yes,combustible: e10	=	sí
fuel:octane_95,yes,combustible: octanaje_95	=	sí
fuel:octane_92,yes,combustible: octano_92	=	sí
fuel:octane_98,yes,combustible: octano_98	=	sí
fuel:lpg,yes,combustible:glp	=	sí
club-mate,yes,compañero de club	=	si
bin,no,compartimiento	=	no
bin,yes,compartimiento	=	sí
share_taxi,yes,compartir_taxi	=	sí
communication:mobile_phone,yes,comunicación:teléfono_móvil	=	sí
construction,yes,construcción	=	si
consulate,yes,consulado	=	si
cutting,yes,corte	=	sí
cosmha,yes,cosmha	=	sí
crossing,no,cruce	=	no
crossing:island,no,cruce: isla	=	no
crossing:island,yes,cruce: isla	=	sí
crossing:light,no,cruce: luz	=	no
crossing:light,yes,cruce: luz	=	sí
crossing:barrier,no,cruce:barrera	=	no
crossing:bell,no,cruce:campana	=	no
crossing:bell,yes,cruce:campana	=	sí
crossing:saltire,yes,cruce:saltire	=	sí
covered,no,cubierto	=	no
covered,yes,cubierto	=	sí
healthcare,yes,cuidado de la salud	=	sí
crop,no,cultivo	=	no
crop,yes,cultivo	=	si
summit:cross,yes,cumbre: cruz	=	si
smoking,no,de fumar	=	no
smoking,yes,de fumar	=	sí
tidal,no,de marea	=	no
tidal,yes,de marea	=	sí
oneway,no,de una sola mano	=	no
oneway,yes,de una sola mano	=	sí
demolished,yes,demolido	=	si
demolished:building,yes,demolido: edificio	=	sí
destroyed,yes,destruido	=	si
dibavod:needs:review,yes,dibavod:necesidades:revisión	=	sí
diet:kosher,yes,dieta: kosher	=	si
diet:vegan,yes,dieta: vegana	=	sí
diet:vegetarian,yes,dieta: vegetariana	=	sí
diet:meat,yes,dieta:carne	=	si
addr:nostreet,yes,dirección: sin calle	=	sí
design:incomplete,yes,diseño: incompleto	=	sí
dispensing,no,dispensando	=	no
dispensing,yes,dispensando	=	sí
two_sided,yes,dos caras	=	si
building,no,edificio	=	no
building:fireproof,no,edificio: incombustible	=	no
building:fireproof,yes,edificio: incombustible	=	sí
building:prefabricated,yes,edificio: prefabricado	=	si
building:part,yes,edificio:parte	=	sí
building:use:parking,yes,edificio:uso:estacionamiento	=	sí
building:use:residential,yes,edificio:uso:residencial	=	sí
edit_group,yes,editar grupo	=	si
ephemeral,yes,efímero	=	sí
electricity,yes,electricidad	=	si
electrified,no,electrificado	=	no
removed:building,yes,eliminado: edificio	=	sí
embassy,yes,embajada	=	si
ship,no,Embarcacion	=	no
emergency,no,emergencia	=	no
emergency,yes,emergencia	=	sí
disused,yes,en desuso	=	sí
disused:shop,yes,en desuso: tienda	=	sí
entrance,no,entrada	=	no
entrance,yes,entrada	=	sí
delivery,no,entrega	=	no
delivery,yes,entrega	=	sí
was:building,yes,era: edificio	=	sí
is_sidepath,yes,es_sidepath	=	sí
ladder,yes,escalera	=	si
baby_hatch,yes,escotilla de bebe	=	si
school:selective,no,escuela: selectiva	=	no
school:selective,yes,escuela: selectiva	=	si
esperanto,yes,esperanto	=	si
ski,no,esquí	=	no
ski,yes,esquí	=	sí
signal_station,yes,estación de señales	=	si
seasonal,no,estacional	=	no
seasonal,yes,estacional	=	sí
parking,no,estacionamiento	=	no
parking,yes,estacionamiento	=	si
parking:right,no,estacionamiento: derecho	=	no
parking:left,no,estacionamiento: izquierda	=	no
parking:both,no,estacionamiento:ambos	=	no
parking:both:staggered,yes,estacionamiento:ambos:escalonados	=	si
parking:lane:both,no,estacionamiento:carril:ambos	=	no
estuary,yes,estuario	=	si
fdot:sis,yes,fdot: hermana	=	sí
female,yes,femenino	=	sí
railway:preserved,yes,ferrocarril: conservado	=	sí
railway:milestone:catenary_mast,no,ferrocarril: hito: catenary_mast	=	no
railway:milestone:catenary_mast,yes,ferrocarril: hito: catenary_mast	=	sí
railway:lzb,no,ferrocarril: lzb	=	no
railway:lzb,yes,ferrocarril: lzb	=	sí
railway:scmt,yes,ferrocarril: scmt	=	sí
railway:ballastless,no,ferrocarril: sin balasto	=	no
railway:atb,no,ferrocarril:atb	=	no
railway:atb,yes,ferrocarril:atb	=	sí
railway:atc,yes,ferrocarril:atc	=	sí
railway:etcs,no,ferrocarril:etc.	=	no
railway:gnt,no,ferrocarril:gnt	=	no
railway:milestone:emergency_brake_override,no,ferrocarril:hito:emergency_brake_override	=	no
railway:switch:electric,no,ferrocarril:interruptor:eléctrico	=	no
railway:switch:electric,yes,ferrocarril:interruptor:eléctrico	=	sí
railway:kvb,yes,ferrocarril:kvb	=	sí
railway:ls,no,ferrocarril:ls	=	no
railway:local_operated,no,ferrocarril:operado_localmente	=	no
railway:local_operated,yes,ferrocarril:operado_localmente	=	sí
railway:pzb,no,ferrocarril:pzb	=	no
railway:pzb,yes,ferrocarril:pzb	=	sí
railway:tbl,no,ferrocarril:tbl	=	no
physically_present,no,fisicamente presente	=	no
floating,yes,flotante	=	sí
FMMP_modified,no,FMMP_modificado	=	no
FMMP_reviewed,no,FMMP_revisado	=	no
kerb,no,frenar	=	no
kerb,yes,frenar	=	sí
frontage_road,yes,frente_carretera	=	sí
power_supply,yes,fuente de alimentación	=	sí
backup_generator,no,generador_de_respaldo	=	no
generator:output:electricity,yes,generador:salida:electricidad	=	sí
room,yes,habitación	=	si
flour_fortified,no,harina_fortificada	=	no
heritage,yes,herencia	=	sí
hgv:state_network,yes,hgv: red_estado	=	sí
hgv:national_network,yes,hgv:red_nacional	=	sí
fire_hydrant:pressure,yes,hidrante_de_incendio:presión	=	sí
historic,no,histórico	=	no
historic,yes,histórico	=	sí
shoulder,no,hombro	=	no
shoulder,yes,hombro	=	sí
shoulder:right,yes,hombro: derecho	=	sí
opening_hours:signed,no,horario_de_apertura:firmado	=	no
collection_times:signed,no,horarios de recogida:firmado	=	no
hov,yes,hov	=	si
oneway:bus,no,ida: autobús	=	no
oneway:bicycle,no,ida: bicicleta	=	no
oneway:bicycle,yes,ida: bicicleta	=	sí
oneway:motorcycle,no,ida: motocicleta	=	no
lit,no,iluminado	=	no
lit,yes,iluminado	=	sí
implicit,yes,implícito	=	sí
import,yes,importar	=	sí
informal,yes,informal	=	sí
indoor,no,interior	=	no
indoor,yes,interior	=	sí
intermittent,no,intermitente	=	no
intermittent,yes,intermitente	=	sí
internet_access:fee,no,internet_access:tarifa	=	no
irrigation,yes,irrigación	=	si
irrigated,no,irrigado	=	no
irrigated,yes,irrigado	=	si
jetski:rental,yes,jetski:alquiler	=	si
karst,yes,kárstico	=	si
working,yes,laboral	=	sí
LandPro08:reviewed,no,LandPro08:revisado	=	no
lcn,yes,lcn	=	sí
localizer,yes,localizador	=	si
lottery,yes,lotería	=	si
place_of_mourning,yes,lugar de luto	=	si
passing_places,no,lugares de paso	=	no
passing_places,yes,lugares de paso	=	si
luminous,no,luminoso	=	no
forklift,no,máquina elevadora	=	no
forklift,yes,máquina elevadora	=	si
seamark:radar_reflector,no,marca de mar: reflector de radar	=	no
seamark:radar_reflector,yes,marca de mar: reflector de radar	=	si
seamark:fog_signal,yes,marca de mar: señal de niebla	=	si
lane_markings,no,marcas_de_carril	=	no
lane_markings,yes,marcas_de_carril	=	sí
maritime,yes,marítimo	=	sí
male,yes,masculino	=	sí
hazmat,no,materiales peligrosos	=	no
maxspeed,no,máxima velocidad	=	no
wholesale,no,mayorista	=	No
wholesale,yes,mayorista	=	Sí
mechanical,yes,mecánico	=	sí
median,no,mediana	=	no
bench,no,mesa de trabajo	=	no
bench,yes,mesa de trabajo	=	sí
changing_table,no,mesa para cambiar pañales	=	no
changing_table,yes,mesa para cambiar pañales	=	sí
microbrewery,yes,microcervecería	=	si
military,yes,militar	=	si
mofa,no,mofa	=	no
mofa,yes,mofa	=	sí
currency:EUR,yes,moneda: euros	=	sí
memorial,yes,monumento	=	si
motorcycle:rental,yes,moto:alquiler	=	si
motorcycle,no,motocicleta	=	no
motorcycle,yes,motocicleta	=	sí
motorcycle:tyres,yes,motocicleta: neumáticos	=	si
motorcycle:repair,yes,motocicleta: reparación	=	si
motorcycle:theme,yes,motocicleta: tema	=	si
motorcycle:clothes,yes,motocicleta:ropa	=	si
motorcycle:sales,yes,motocicleta:ventas	=	si
snowmobile,no,motonieve	=	no
snowmobile,yes,motonieve	=	sí
motorboat,no,motora	=	no
motorboat,yes,motora	=	sí
naptan:verified,no,naptán: verificado	=	no
naptan:verified,yes,naptán: verificado	=	sí
natural,yes,natural	=	si
nonsquare,yes,no cuadrado	=	si
unsigned,yes,no firmado	=	si
name:signed,no,nombre: firmado	=	no
noref,yes,noref	=	sí
ocean,yes,Oceano	=	sí
office,yes,oficina	=	sí
osmarender:render,no,osmarender:renderizar	=	no
osmarender:renderRef,no,osmarender:renderRef	=	no
osmarender:renderName,no,osmarender:representarNombre	=	no
payment:cash,no,Pago en efectivo	=	no
payment:cash,yes,Pago en efectivo	=	sí
payment:american_express,yes,pago: american_express	=	sí
payment:jcb,yes,pago: jcb	=	sí
payment:contactless,yes,pago: sin contacto	=	sí
payment:cards,yes,pago: tarjetas	=	sí
payment:visa_debit,yes,pago: visa_debit	=	sí
payment:visa_electron,yes,pago: visa_electron	=	sí
payment:credit_cards,no,pago:credit_cards	=	no
payment:credit_cards,yes,pago:credit_cards	=	sí
payment:discover_card,yes,pago:descubrir_tarjeta	=	sí
payment:diners_club,yes,pago:diners_club	=	sí
payment:ep_easycard,yes,pago:ep_easycard	=	sí
payment:ep_ipass,yes,pago:ep_ipass	=	sí
payment:girocard,yes,pago:girocard	=	sí
payment:maestro,yes,pago:maestro	=	sí
payment:mastercard,yes,pago:mastercard	=	sí
payment:coins,yes,pago:monedas	=	sí
payment:notes,yes,pago:notas	=	sí
payment:debit_cards,no,pago:tarjetas_débito	=	no
payment:debit_cards,yes,pago:tarjetas_débito	=	sí
payment:telephone_cards,yes,pago:telefono_tarjetas	=	sí
payment:visa,yes,pago:visado	=	sí
passenger_information_display,no,pantalla_de_información_del_pasajero	=	no
passenger_information_display,yes,pantalla_de_información_del_pasajero	=	sí
recycling:paper,yes,papel reciclado	=	sí
parcel_mail_in,yes,paquete_correo_en	=	sí
wall,no,pared	=	no
wall,yes,pared	=	sí
playground,yes,parque infantil	=	si
motorcycle:parts,yes,partes de motocicleta	=	si
passenger,no,pasajero	=	no
passenger,yes,pasajero	=	si
handrail:right,yes,pasamanos: derecho	=	sí
handrail:left,yes,pasamanos:izquierdo	=	sí
stroller,yes,paseante	=	sí
park_ride,no,paseo del Parque	=	no
park_ride,yes,paseo del Parque	=	sí
flat_steps,yes,pasos planos	=	si
tactile_paving,no,pavimento_tactil	=	no
tactile_paving,yes,pavimento_tactil	=	sí
toll,no,peaje	=	no
toll,yes,peaje	=	sí
toll:bus,yes,peaje: autobús	=	sí
toll:designated,yes,peaje: designado	=	si
toll:hgv,yes,peaje:hgv	=	sí
toll:N3,yes,peaje:N3	=	sí
glideslope,yes,pendiente de planeo	=	si
pilgrimage,yes,peregrinaje	=	si
dog,no,perro	=	no
dog,yes,perro	=	sí
maxweight:signed,no,peso máximo: firmado	=	no
foot,no,pie	=	no
foot,yes,pie	=	sí
trailblazed,yes,pionero	=	sí
swimming_pool,yes,piscina	=	si
piste:oneway,yes,pista: ida	=	sí
plant:output:electricity,yes,planta:producto:electricidad	=	sí
nest_platform,yes,plataforma nido	=	si
police,yes,policía	=	si
pole,no,polo	=	no
handrail,no,pretil	=	no
handrail,yes,pretil	=	sí
flood_prone,no,propenso a inundarse	=	no
flood_prone,yes,propenso a inundarse	=	sí
hazard_prone,yes,propenso a peligros	=	si
protected,yes,protegido	=	sí
project:eurosha_2012,yes,proyecto:eurosha_2012	=	sí
project:mappingforniger,yes,proyecto:mappingforniger	=	sí
psv,no,psv	=	no
psv,yes,psv	=	sí
bridge,no,puente	=	no
bridge,yes,puente	=	sí
door,yes,puerta	=	sí
harbour,yes,puerto	=	si
mountain_pass,yes,Puerto de montaña	=	sí
assembly_point:tornado,yes,punto de encuentro: tornado	=	si
assembly_point:fire,yes,punto de encuentro:fuego	=	si
assembly_point:flood,yes,punto de encuentro:inundación	=	si
assembly_point:earthquake,yes,punto de encuentro:terremoto	=	si
assembly_point:tsunami,yes,punto de encuentro:tsunami	=	si
survey_point:datum_aligned,no,punto de levantamiento:datum alineado	=	no
survey_point:datum_aligned,yes,punto de levantamiento:datum alineado	=	si
reference_point,yes,punto de referencia	=	si
assembly_point:landslide,yes,punto de reunión: deslizamiento de tierra	=	si
triangulation_point,yes,punto_de_triangulación	=	sí
snowplowing,yes,quitando la nieve	=	sí
takeaway,yes,quitar	=	sí
ramp,no,rampa	=	no
ramp,yes,rampa	=	sí
ramp:bicycle,yes,rampa:bicicleta	=	sí
ramp:stroller,yes,rampa:cochecito	=	sí
ramsar,yes,Ramsar	=	si
trail_visibility,no,rastro_visibilidad	=	no
rcn,yes,rcn	=	sí
refitted,yes,reacondicionado	=	si
recycling:waste,yes,reciclaje de residuos	=	sí
recycling:cans,yes,reciclaje: latas	=	sí
recycling:plastic_bottles,yes,reciclaje:botellas_de_plastico	=	sí
recycling:glass_bottles,yes,reciclaje:botellas_de_vidrio	=	sí
recycling:cardboard,yes,reciclaje:cartón	=	sí
recycling:scrap_metal,yes,reciclaje:chatarra_metal	=	sí
recycling:green_waste,yes,reciclaje:green_waste	=	sí
recycling:paper_packaging,yes,reciclaje:papel_embalaje	=	sí
recycling:batteries,yes,reciclaje:pilas	=	sí
recycling:plastic_packaging,yes,reciclaje:plastic_packaging	=	sí
recycling:plastic,yes,reciclaje:plástico	=	sí
recycling:clothes,yes,reciclaje:ropa	=	sí
recycling:glass,no,reciclaje:vidrio	=	no
recycling:glass,yes,reciclaje:vidrio	=	sí
recycling:shoes,yes,reciclaje:zapatos	=	sí
parcel_pickup,yes,recogida_paquete	=	sí
rednap:nodo,no,rednap: nodo	=	no
refrigerated,yes,refrigerado	=	si
refugee,yes,refugiado	=	si
shelter,no,refugio	=	no
shelter,yes,refugio	=	sí
animal_shelter:sanctuary,yes,refugio de animales: santuario	=	si
reclaimed,yes,regenerado	=	si
repair,yes,reparar	=	si
reservation,yes,reserva	=	sí
backrest,no,respaldo	=	no
backrest,yes,respaldo	=	sí
ruins,yes,restos	=	sí
review,no,revisión	=	no
review_requested,yes,revisión solicitada	=	si
salt,no,sal	=	no
salt,yes,sal	=	sí
exit,yes,salida	=	sí
departures_board,no,salidas a bordo	=	no
departures_board,yes,salidas a bordo	=	sí
second_hand,yes,segunda mano	=	sí
traffic_sign,yes,señal de tráfico	=	sí
traffic_signals:sound,no,señales_de_tráfico:sonido	=	no
traffic_signals:sound,yes,señales_de_tráfico:sonido	=	sí
traffic_signals:vibration,no,señales_de_tráfico:vibración	=	no
traffic_signals:vibration,yes,señales_de_tráfico:vibración	=	sí
footway,yes,senda	=	si
hiking,yes,senderismo	=	sí
drive_through,no,servicio al carro	=	no
drive_through,yes,servicio al carro	=	sí
NHS,yes,Servicio Nacional de Salud	=	sí
winter_service,no,servicio_de_invierno	=	no
winter_service,yes,servicio_de_invierno	=	sí
service:bicycle:repair,yes,servicio:bicicleta:reparación	=	sí
service:vehicle:tyres,yes,servicio:vehiculo:neumaticos	=	si
pseudo,yes,seudo	=	si
real_cider,yes,sidra de verdad	=	si
wheelchair,no,silla de ruedas	=	no
wheelchair,yes,silla de ruedas	=	sí
wheelchair,yes,silla de ruedas = sí 
wheelchair,no,silla de ruedas =no
noaddress,yes,sin dirección	=	sí
noname,yes,sin nombre	=	sí
nohousenumber,yes,sin número de casa	=	sí
noexit,no,Sin salida	=	no
noexit,yes,Sin salida	=	sí
medical_system:western,yes,sistema medico:occidental	=	si
request_stop,yes,solicitud de parada	=	si
4wd_only,yes,Sólo 4x4	=	sí
source_type_imagery,yes,source_type_imagery	=	sí
substation,yes,subestación	=	si
submarine,yes,submarino	=	si
subway,yes,subterraneo	=	sí
supervised,no,supervisado	=	no
supervised,yes,supervisado	=	sí
fee,no,tarifa	=	no
fee,yes,tarifa	=	sí
taxi,yes,taxi	=	sí
jeepney,yes,taxi colectivo	=	si
roof:downpipe,no,techo: bajante	=	no
embankment,yes,terraplén	=	sí
shop,no,tienda	=	no
shop,yes,tienda	=	sí
typhoon:damage,yes,tifón: daño	=	sí
typhoon:reviewed,yes,tifón:revisado	=	sí
tiger:separated,no,tigre: separado	=	no
tiger:reviewed,no,tigre:revisado	=	no
tiger:reviewed,yes,tigre:revisado	=	sí
triple_tower,yes,torre_triple	=	sí
transformer,yes,transformador	=	si
radio_transponder:AIS,yes,transpondedor de radio: AIS	=	si
ferry,no,transportar	=	no
ferry,yes,transportar	=	sí
conveying,yes,transporte	=	sí
tram,yes,tranvía	=	sí
backcountry,yes,travesía	=	sí
train,no,tren	=	no
train,yes,tren	=	sí
light_rail,yes,Tren Ligero	=	sí
trolleybus,yes,trolebús	=	sí
trolley_wire,yes,trolley_wire	=	sí
tunnel,no,túnel	=	no
tunnel,yes,túnel	=	sí
tourism,yes,turismo	=	si
location:transition,yes,ubicación: transición	=	sí
building,yes,"Un edificio es una construcción permanente con techo y paredes, utilizado para diversos propósitos | edificio	=	sí"
oneway:moped,no,unidireccional: ciclomotor	=	no
oneway:psv,no,unidireccional: psv	=	no
oneway:mofa,no,unidireccional:mofa	=	no
junction,yes,unión	=	sí
unisex,yes,unisexo	=	sí
landuse,yes,uso del suelo	=	si
ford,yes,vado	=	sí
vehicle,no,vehículo	=	no
vehicle,yes,vehículo	=	sí
motor_vehicle,no,Vehículo de motor	=	no
motor_vehicle,yes,Vehículo de motor	=	sí
sailing:tours,yes,vela:excursiones	=	si
maxspeed:variable,yes,velocidad máxima:variable	=	sí
street_vendor,yes,vendedor ambulante	=	si
hgv,no,vhg	=	no
hgv,yes,vhg	=	sí
roundtrip,no,viaje ida y vuelta	=	no
roundtrip,yes,viaje ida y vuelta	=	sí
living_street,yes,vivir_calle	=	sí
area:highway,yes,zona:carretera	=	sí
addr:contact,yes,dirección:contacto=sí
air_conditioning,no,aire_acondicionado=no
armrest,no,reposabrazos=no
armrest,yes,reposabrazos=sí
authentication:app,yes,autenticación:app=sí
authentication:contactless,yes,autenticación:sin_contacto=sí
automated,no,automatizado=no
bar,yes,barra=sí
barrier:keypad,yes,barrera:teclado=sí
canoe,no,canoa=no
canoe,yes,canoa=sí
caravans,no,caravanas=no
cash_in,no,depósito_de_efectivo=no
cash_in,yes,depósito_de_efectivo=sí
centre_turn_lane,yes,carril_central_de_giro=sí
club,yes,club=sí
communication:lte,yes,comunicación:lte=sí
communication:microwave,yes,comunicación:microondas=sí 
communication:radio,yes,comunicación:radio=sí
complete,yes,completado=sí
crossing:markings,no,cruce:marcaciones=no
crossing:markings,yes,cruce:marcaciones=sí
crossing:signals,no,cruce:señales=no
crossing:signals,yes,cruce:señales=sí
currency:USD,yes,moneda:USD=sí
currency:XBT,yes,moneda:XBT=sí
cycleway:both:buffer,no,carril bici:ambos:zona de amortiguación=no
cycleway:left:oneway,no,carril bici:izquierda:un solo sentido=no
cycleway:right:buffer,yes,carril bici:derecha:zona de amortiguación=sí
cycleway:right:oneway,yes,carril bici:derecha:un solo sentido=sí
cycleway:right:segregated,no,carril bici:derecha:segregado=no
destroyed:building,yes,edificio destruido=sí es
diet:halal,no,dieta:halal=no
diet:halal,yes,dieta:halal=sí
diet:kosher,no,dieta:kosher=no
diet:vegan,no,dieta:vegana=no
door,no,puerta=no
female,no,mujer=no
fire_hydrant:diameter:signed,no,hidrante:diámetro:firmado=no
fixme,yes,arreglarme=sí
flashing_lights,no,luces_intermitentes=no
floating,no,flotante=no
fuel:GTL_diesel,yes,combustible:diésel_GTL=sí
fuel:octane_91,yes,combustible:octano_91=sí
generator:solar:tracking,no,generador:solar:seguimiento=no
geometry:reviewed,no,geometría:revisada=no
grande_circulation,yes,grande_circulación=sí
hgv:national_network,no,hgv:red_nacional=no
indoor_seating,no,interior_se ating=no
informal,no,informal=no
internet_access:fee,yes,acceso_internet:de_cuota=sí
language:en,yes,idioma:ing=sí
LINZ:reviewed,no,LINZ:revisado=no
lockable,yes,con_cerradura=sí
luminous,yes,luminoso=sí
magic_wand,yes,varita_mágica=sí
marker,yes,marcador=sí
maxheight:signed,no,altura_máxima:con_firma=no
maxstay,no,estancia_máxima=no
monitoring:water_level,yes,monitoreo:nivel_del_agua=sí
monitoring:weather,yes,monitoreo:clima=sí
obstacle:parking,yes,obstáculo:estacionamiento=sí
offshore,yes,en_alta mar=sí
organic,yes,orgánico=sí
overtaking:hgv,no,adelantamiento:hgv=no
parking:both,yes,estacionamiento:ambos=sí
parking:both:fee,no,parking:both:fee=no
parking:fee,no,estacionamiento:fee=no
parking:left,yes,estacionamiento:left=yes
parking:left:fee,no,estacionamiento:left:fee=no
parking:right,yes,estacionamiento:right=yes
parking:right:fee,no,estacionamiento:right:fee=no
payment:app,yes,pago:app=yes
payment:apple_pay,yes,pago:apple_pay=yes
payment:cards,no,pago:cards=no
payment:cryptocurrencies,no,pago:cryptocurrencies=no
payment:google_pay,yes,pago:google_pay=yes
payment:lightning,yes,pago:lightning=yes
payment:notes,no,pago:notes=no
payment:onchain,yes,pago:onchain=yes
payment:unionpay,yes,pago:unionpay=yes
pole,yes,poste =sí
power_supply,no,suministro eléctrico=no
preschool,yes,preescolar=sí
priority_road,yes,carretera prioritaria=sí
railway:asfa,yes,ferrocarril:asfa=sí
railway:atc,no,ferrocarril:atc=no
railway:aws,yes,ferrocarril:aws=sí
railway:ctc,no,ferrocarril:ctc=no
railway:ctc,yes,ferrocarril:ctc=sí
railway:etms,yes,ferrocarril:etms=sí
railway:evm,no,ferrocarril:evm=no
railway:kvb,no,ferrocarril:kvb=no
railway:ls,yes,ferrocarril:ls=sí
railway:ptc,no,ferrocarril:ptc=no
railway:ptc,yes,ferrocarril:ptc=sí
railway:shp,yes,ferrocarril:shp=sí
railway:switch:heated,yes,ferrocarril:interruptor:calefactado=sí
railway:tilting,no,ferrocarril:inclinable=no
railway:tpws,yes,ferrocarril:tp ws=sí
railway:tvm,no,ferrocarril:tvm=no
ramp:wheelchair,no,rampa:silla de ruedas=no
ramp:wheelchair,yes,rampa:silla de ruedas=sí
recycling:beverage_cartons,yes,reciclaje:envases de bebidas=sí
recycling:magazines,yes,reciclaje:revistas=sí
recycling:newspaper,yes,reciclaje:periódicos=sí
recycling:organic,yes,reciclaje:orgánicos=sí
recycling:plastic,no,reciclaje:plástico=no
ref:signed,no,ref:firmado=no
reservation,no,reserva=no
ruins:building,yes,ruinas:edificio=sí
sanitary_dump_station,yes,estación de vertedero sanitario=sí
scenic,yes,paisajístico=sí
service:bicycle:pump,yes,servicio:bomba de bicicletas=sí
service:bicycle:retail,yes,servicio:bicicleta:venta=sí
service:bicycle:tools,yes,servicio:bicicleta:herramientas=sí
service:vehicle:car_repair,yes,servicio:vehículo:reparación_de_automóviles=sí
shower,yes,ducha=sí
sidewalk:both,no,acera:ambas=no
sidewalk:both,yes,acera:ambas=sí
sidewalk:left,yes,acera:izquierda=sí
sidewalk:right,yes,acera:derecha=sí
stairs,yes,escaleras=sí
stilts,yes,zancos=sí
takeaway,no,comida para llevar=no
toilets:handwashing,yes,baños:lavado de manos=sí
tourist_bus,no,autobús_turístico=no
traffic_signals:countdown,yes,señales_de_tráiler:cuenta_atrás=sí
trailblazed,no,señalizado=no
trolley_wire,no,cableado_para_tranvías=no
